dataset,provider,URL,reference_year,publication_date,download_date,license,geographic_scope,industry_resolution,variables,processing_script,checksum
"CYSTAT Annual NA 0610010E: Gross Domestic Product and Gross National Income, Annual (all measures)",CYSTAT (Statistical Service of Cyprus),https://cystatdb.cystat.gov.cy/api/v1/en/8.CYSTAT-DB/National%20Accounts/Annual%20National%20Accounts/0610010E.px,1995-2025,2026-04-20,2026-09-24,CYSTAT terms of use - reuse terms NOT verified for this release; raw files are not redistributed (re-downloaded by make ingest),Cyprus (government-controlled area),A*64 / sectors,"Gross Domestic Product and Gross National Income, Annual (all measures)",src/cvr/ingest/cystat_fetch.py -> src/cvr/ingest/cystat.py,601bd1c92739d4fac6479ee569abd6769adac8bda816c55a4840c67b147c19c7
"CYSTAT Annual NA 0610020E: Gross Domestic Product (Production Approach), Annual (all measures)",CYSTAT (Statistical Service of Cyprus),https://cystatdb.cystat.gov.cy/api/v1/en/8.CYSTAT-DB/National%20Accounts/Annual%20National%20Accounts/0610020E.px,1995-2025,2026-04-20,2026-09-24,CYSTAT terms of use - reuse terms NOT verified for this release; raw files are not redistributed (re-downloaded by make ingest),Cyprus (government-controlled area),A*64 / sectors,"Gross Domestic Product (Production Approach), Annual (all measures)",src/cvr/ingest/cystat_fetch.py -> src/cvr/ingest/cystat.py,4f9e66b74f98ec530fa53e881a6b6e0bbbeb8650054c99dc9af8d6e65af32c2e
"CYSTAT Annual NA 0610030E: Gross Domestic Product (Expenditure Approach), Annual (all measures)",CYSTAT (Statistical Service of Cyprus),https://cystatdb.cystat.gov.cy/api/v1/en/8.CYSTAT-DB/National%20Accounts/Annual%20National%20Accounts/0610030E.px,1995-2025,2026-04-20,2026-09-24,CYSTAT terms of use - reuse terms NOT verified for this release; raw files are not redistributed (re-downloaded by make ingest),Cyprus (government-controlled area),A*64 / sectors,"Gross Domestic Product (Expenditure Approach), Annual (all measures)",src/cvr/ingest/cystat_fetch.py -> src/cvr/ingest/cystat.py,647bdd6a7009a33c63d5bb87ceb486e41d68ed5def2e9c8d6a09d232c8eb8694
"CYSTAT Annual NA 0610040E: Gross Domestic Product (Income Approach), Annual (all measures)",CYSTAT (Statistical Service of Cyprus),https://cystatdb.cystat.gov.cy/api/v1/en/8.CYSTAT-DB/National%20Accounts/Annual%20National%20Accounts/0610040E.px,1995-2025,2026-04-20,2026-09-24,CYSTAT terms of use - reuse terms NOT verified for this release; raw files are not redistributed (re-downloaded by make ingest),Cyprus (government-controlled area),A*64 / sectors,"Gross Domestic Product (Income Approach), Annual (all measures)",src/cvr/ingest/cystat_fetch.py -> src/cvr/ingest/cystat.py,9bc3d8c130c1e8f6bce87af326bbdfb1a5544fc1e71a6a20b807cdd3f4f0c604
"CYSTAT Annual NA 0610060E: Employment in Persons and Hours Worked by Economic Activity, Annual (all measures)",CYSTAT (Statistical Service of Cyprus),https://cystatdb.cystat.gov.cy/api/v1/en/8.CYSTAT-DB/National%20Accounts/Annual%20National%20Accounts/0610060E.px,1995-2025,2026-04-20,2026-09-24,CYSTAT terms of use - reuse terms NOT verified for this release; raw files are not redistributed (re-downloaded by make ingest),Cyprus (government-controlled area),A*64 / sectors,"Employment in Persons and Hours Worked by Economic Activity, Annual (all measures)",src/cvr/ingest/cystat_fetch.py -> src/cvr/ingest/cystat.py,4ae5c5f8f773107ee2c7ee7604075735b3d73c47c4a32e010e2457cab48320d1
"CYSTAT Sector accounts 0630030E: Non-Financial Accounts by Institutional Sector, Annual (all measures)",CYSTAT (Statistical Service of Cyprus),https://cystatdb.cystat.gov.cy/api/v1/en/8.CYSTAT-DB/National%20Accounts/Sector%20Accounts/0630030E.px,2010-2024,2025-10-31,2026-09-24,CYSTAT terms of use - reuse terms NOT verified for this release; raw files are not redistributed (re-downloaded by make ingest),Cyprus (government-controlled area),A*64 / sectors,"Non-Financial Accounts by Institutional Sector, Annual (all measures)",src/cvr/ingest/cystat_fetch.py -> src/cvr/ingest/cystat.py,1e8a18359eb57c6df48df311f2e85d90c722f9ab0b8d8a6123e802b57cc26924
"CYSTAT SUIOT 0640010E: Supply Table at Basic Prices, Including Transformation Into Purchasers' Prices, Annual - Current Prices",CYSTAT (Statistical Service of Cyprus),https://cystatdb.cystat.gov.cy/api/v1/en/8.CYSTAT-DB/National%20Accounts/Supply%2C%20Use%20and%20Input-Output%20Tables/0640010E.px,2010-2022,2026-03-26,2026-09-24,CYSTAT terms of use - reuse terms NOT verified for this release; raw files are not redistributed (re-downloaded by make ingest),Cyprus (government-controlled area),64 CPA/NACE (A*64 with CYSTAT merges),"Supply Table at Basic Prices, Including Transformation Into Purchasers' Prices, Annual - Current Prices",src/cvr/ingest/cystat_fetch.py -> src/cvr/ingest/cystat.py,e9ba9ce990ff0af9a5a9873e602a92c9ac504e876594f7bdaf28c4e8193b7b0d
"CYSTAT SUIOT 0640010E: Supply Table at Basic Prices, Including Transformation Into Purchasers' Prices, Annual - Previous Year Prices",CYSTAT (Statistical Service of Cyprus),https://cystatdb.cystat.gov.cy/api/v1/en/8.CYSTAT-DB/National%20Accounts/Supply%2C%20Use%20and%20Input-Output%20Tables/0640010E.px,2010-2022,2026-03-26,2026-09-24,CYSTAT terms of use - reuse terms NOT verified for this release; raw files are not redistributed (re-downloaded by make ingest),Cyprus (government-controlled area),64 CPA/NACE (A*64 with CYSTAT merges),"Supply Table at Basic Prices, Including Transformation Into Purchasers' Prices, Annual - Previous Year Prices",src/cvr/ingest/cystat_fetch.py -> src/cvr/ingest/cystat.py,a1c0290d31d2aa22ff5eb8171779ad5f2ce7c6c02a6b7f83c125709d9abb39d8
"CYSTAT SUIOT 0640015E: Use Table at Purchasers' Prices, Annual - Current Prices",CYSTAT (Statistical Service of Cyprus),https://cystatdb.cystat.gov.cy/api/v1/en/8.CYSTAT-DB/National%20Accounts/Supply%2C%20Use%20and%20Input-Output%20Tables/0640015E.px,2010-2022,2026-03-26,2026-09-24,CYSTAT terms of use - reuse terms NOT verified for this release; raw files are not redistributed (re-downloaded by make ingest),Cyprus (government-controlled area),64 CPA/NACE (A*64 with CYSTAT merges),"Use Table at Purchasers' Prices, Annual - Current Prices",src/cvr/ingest/cystat_fetch.py -> src/cvr/ingest/cystat.py,aa191e1de89026633d894b1302da00b19bbe97a8e221c258e0f8ca90b915c6be
"CYSTAT SUIOT 0640015E: Use Table at Purchasers' Prices, Annual - Previous Year Prices",CYSTAT (Statistical Service of Cyprus),https://cystatdb.cystat.gov.cy/api/v1/en/8.CYSTAT-DB/National%20Accounts/Supply%2C%20Use%20and%20Input-Output%20Tables/0640015E.px,2010-2022,2026-03-26,2026-09-24,CYSTAT terms of use - reuse terms NOT verified for this release; raw files are not redistributed (re-downloaded by make ingest),Cyprus (government-controlled area),64 CPA/NACE (A*64 with CYSTAT merges),"Use Table at Purchasers' Prices, Annual - Previous Year Prices",src/cvr/ingest/cystat_fetch.py -> src/cvr/ingest/cystat.py,1791ff8be60f6e430f3e646769e231480a0980e99904bbcc07aced2d2ea01551
"CYSTAT SUIOT 0640020E: Use Table at Basic Prices, Annual - Current Prices",CYSTAT (Statistical Service of Cyprus),https://cystatdb.cystat.gov.cy/api/v1/en/8.CYSTAT-DB/National%20Accounts/Supply%2C%20Use%20and%20Input-Output%20Tables/0640020E.px,2010-2022,2026-03-26,2026-09-24,CYSTAT terms of use - reuse terms NOT verified for this release; raw files are not redistributed (re-downloaded by make ingest),Cyprus (government-controlled area),64 CPA/NACE (A*64 with CYSTAT merges),"Use Table at Basic Prices, Annual - Current Prices",src/cvr/ingest/cystat_fetch.py -> src/cvr/ingest/cystat.py,ad55a3e376dbb2d8a2aa9d8582a9f015930f31ecf061d414f07a219d05d9e225
"CYSTAT SUIOT 0640020E: Use Table at Basic Prices, Annual - Previous Year Prices",CYSTAT (Statistical Service of Cyprus),https://cystatdb.cystat.gov.cy/api/v1/en/8.CYSTAT-DB/National%20Accounts/Supply%2C%20Use%20and%20Input-Output%20Tables/0640020E.px,2010-2022,2026-03-26,2026-09-24,CYSTAT terms of use - reuse terms NOT verified for this release; raw files are not redistributed (re-downloaded by make ingest),Cyprus (government-controlled area),64 CPA/NACE (A*64 with CYSTAT merges),"Use Table at Basic Prices, Annual - Previous Year Prices",src/cvr/ingest/cystat_fetch.py -> src/cvr/ingest/cystat.py,4048355103ac78ccfa3c9605d30c640015121017455f88e292287ab0b5c1a22b
"CYSTAT SUIOT 0640025E: Use Table for Domestic Output at Basic Prices, Annual - Current Prices",CYSTAT (Statistical Service of Cyprus),https://cystatdb.cystat.gov.cy/api/v1/en/8.CYSTAT-DB/National%20Accounts/Supply%2C%20Use%20and%20Input-Output%20Tables/0640025E.px,2010-2022,2026-03-26,2026-09-24,CYSTAT terms of use - reuse terms NOT verified for this release; raw files are not redistributed (re-downloaded by make ingest),Cyprus (government-controlled area),64 CPA/NACE (A*64 with CYSTAT merges),"Use Table for Domestic Output at Basic Prices, Annual - Current Prices",src/cvr/ingest/cystat_fetch.py -> src/cvr/ingest/cystat.py,96c8c403ceae9a619a4eb343f3c169179910e35e32c90a820e75f7a342b1cf8e
"CYSTAT SUIOT 0640025E: Use Table for Domestic Output at Basic Prices, Annual - Previous Year Prices",CYSTAT (Statistical Service of Cyprus),https://cystatdb.cystat.gov.cy/api/v1/en/8.CYSTAT-DB/National%20Accounts/Supply%2C%20Use%20and%20Input-Output%20Tables/0640025E.px,2010-2022,2026-03-26,2026-09-24,CYSTAT terms of use - reuse terms NOT verified for this release; raw files are not redistributed (re-downloaded by make ingest),Cyprus (government-controlled area),64 CPA/NACE (A*64 with CYSTAT merges),"Use Table for Domestic Output at Basic Prices, Annual - Previous Year Prices",src/cvr/ingest/cystat_fetch.py -> src/cvr/ingest/cystat.py,2ba4ddb0b6c7f15a27f375cb1de612924752ed6197eb54a42af194db6f7aedee
"CYSTAT SUIOT 0640030E: Use Table for Imports at Basic Prices, Annual - Current Prices",CYSTAT (Statistical Service of Cyprus),https://cystatdb.cystat.gov.cy/api/v1/en/8.CYSTAT-DB/National%20Accounts/Supply%2C%20Use%20and%20Input-Output%20Tables/0640030E.px,2010-2022,2026-03-26,2026-09-24,CYSTAT terms of use - reuse terms NOT verified for this release; raw files are not redistributed (re-downloaded by make ingest),Cyprus (government-controlled area),64 CPA/NACE (A*64 with CYSTAT merges),"Use Table for Imports at Basic Prices, Annual - Current Prices",src/cvr/ingest/cystat_fetch.py -> src/cvr/ingest/cystat.py,94a1a691d171aabcb3d5c7eabaa151ea777da9ba1aeec4d5f1407248fcf2ffaa
"CYSTAT SUIOT 0640030E: Use Table for Imports at Basic Prices, Annual - Previous Year Prices",CYSTAT (Statistical Service of Cyprus),https://cystatdb.cystat.gov.cy/api/v1/en/8.CYSTAT-DB/National%20Accounts/Supply%2C%20Use%20and%20Input-Output%20Tables/0640030E.px,2010-2022,2026-03-26,2026-09-24,CYSTAT terms of use - reuse terms NOT verified for this release; raw files are not redistributed (re-downloaded by make ingest),Cyprus (government-controlled area),64 CPA/NACE (A*64 with CYSTAT merges),"Use Table for Imports at Basic Prices, Annual - Previous Year Prices",src/cvr/ingest/cystat_fetch.py -> src/cvr/ingest/cystat.py,37bef5987b7961fb7fd5f570409debed2e8ef71ab871d30bac7e05e8480c3830
"CYSTAT SUIOT 0640035E: Table of Trade and Transport Margins, Annual - Current Prices",CYSTAT (Statistical Service of Cyprus),https://cystatdb.cystat.gov.cy/api/v1/en/8.CYSTAT-DB/National%20Accounts/Supply%2C%20Use%20and%20Input-Output%20Tables/0640035E.px,2010-2022,2026-03-26,2026-09-24,CYSTAT terms of use - reuse terms NOT verified for this release; raw files are not redistributed (re-downloaded by make ingest),Cyprus (government-controlled area),64 CPA/NACE (A*64 with CYSTAT merges),"Table of Trade and Transport Margins, Annual - Current Prices",src/cvr/ingest/cystat_fetch.py -> src/cvr/ingest/cystat.py,d5e23a9cde2c699788e8bc9ec677de0eb3a6274c9db6e3f1b5bd94cfb356bece
"CYSTAT SUIOT 0640035E: Table of Trade and Transport Margins, Annual - Previous Year Prices",CYSTAT (Statistical Service of Cyprus),https://cystatdb.cystat.gov.cy/api/v1/en/8.CYSTAT-DB/National%20Accounts/Supply%2C%20Use%20and%20Input-Output%20Tables/0640035E.px,2010-2022,2026-03-26,2026-09-24,CYSTAT terms of use - reuse terms NOT verified for this release; raw files are not redistributed (re-downloaded by make ingest),Cyprus (government-controlled area),64 CPA/NACE (A*64 with CYSTAT merges),"Table of Trade and Transport Margins, Annual - Previous Year Prices",src/cvr/ingest/cystat_fetch.py -> src/cvr/ingest/cystat.py,c978ee07ee55182412efe55b4f8ef5e9ba1bbb3c154988115ba2de7594c0dbeb
"CYSTAT SUIOT 0640040E: Table of Taxes Less Subsidies on Products, Annual - Current Prices",CYSTAT (Statistical Service of Cyprus),https://cystatdb.cystat.gov.cy/api/v1/en/8.CYSTAT-DB/National%20Accounts/Supply%2C%20Use%20and%20Input-Output%20Tables/0640040E.px,2010-2022,2026-03-26,2026-09-24,CYSTAT terms of use - reuse terms NOT verified for this release; raw files are not redistributed (re-downloaded by make ingest),Cyprus (government-controlled area),64 CPA/NACE (A*64 with CYSTAT merges),"Table of Taxes Less Subsidies on Products, Annual - Current Prices",src/cvr/ingest/cystat_fetch.py -> src/cvr/ingest/cystat.py,acbccc975ccf137aa281fa99ff19d96d7a0c5bd258464b6d2eb34f696fef0e19
"CYSTAT SUIOT 0640040E: Table of Taxes Less Subsidies on Products, Annual - Previous Year Prices",CYSTAT (Statistical Service of Cyprus),https://cystatdb.cystat.gov.cy/api/v1/en/8.CYSTAT-DB/National%20Accounts/Supply%2C%20Use%20and%20Input-Output%20Tables/0640040E.px,2010-2022,2026-03-26,2026-09-24,CYSTAT terms of use - reuse terms NOT verified for this release; raw files are not redistributed (re-downloaded by make ingest),Cyprus (government-controlled area),64 CPA/NACE (A*64 with CYSTAT merges),"Table of Taxes Less Subsidies on Products, Annual - Previous Year Prices",src/cvr/ingest/cystat_fetch.py -> src/cvr/ingest/cystat.py,02df52a30994c2e5674fa2329a75e930c6ea97cd981d9b5472f087b9f89ec762
"CYSTAT SUIOT 0640045E: Symmetric Input - Output Table at Basic Prices (Product by Product), Annual - Current Prices",CYSTAT (Statistical Service of Cyprus),https://cystatdb.cystat.gov.cy/api/v1/en/8.CYSTAT-DB/National%20Accounts/Supply%2C%20Use%20and%20Input-Output%20Tables/0640045E.px,2010-2022,2026-03-26,2026-09-24,CYSTAT terms of use - reuse terms NOT verified for this release; raw files are not redistributed (re-downloaded by make ingest),Cyprus (government-controlled area),64 CPA/NACE (A*64 with CYSTAT merges),"Symmetric Input - Output Table at Basic Prices (Product by Product), Annual - Current Prices",src/cvr/ingest/cystat_fetch.py -> src/cvr/ingest/cystat.py,bc1f40fa3c31e0c9e0b842f3bfb6b01f1b476265d770bf3b16bf4279f89a66c8
"CYSTAT SUIOT 0640045E: Symmetric Input - Output Table at Basic Prices (Product by Product), Annual - Previous Year Prices",CYSTAT (Statistical Service of Cyprus),https://cystatdb.cystat.gov.cy/api/v1/en/8.CYSTAT-DB/National%20Accounts/Supply%2C%20Use%20and%20Input-Output%20Tables/0640045E.px,2010-2022,2026-03-26,2026-09-24,CYSTAT terms of use - reuse terms NOT verified for this release; raw files are not redistributed (re-downloaded by make ingest),Cyprus (government-controlled area),64 CPA/NACE (A*64 with CYSTAT merges),"Symmetric Input - Output Table at Basic Prices (Product by Product), Annual - Previous Year Prices",src/cvr/ingest/cystat_fetch.py -> src/cvr/ingest/cystat.py,b29be0a35bee2662986dbb31e93c307bb6ec90a1b52d1156b45499f9b5049c9e
"CYSTAT SUIOT 0640050E: Symmetric Input - Output Table for Domestic Production (Product by Product), Annual - Current Prices",CYSTAT (Statistical Service of Cyprus),https://cystatdb.cystat.gov.cy/api/v1/en/8.CYSTAT-DB/National%20Accounts/Supply%2C%20Use%20and%20Input-Output%20Tables/0640050E.px,2010-2022,2026-03-26,2026-09-24,CYSTAT terms of use - reuse terms NOT verified for this release; raw files are not redistributed (re-downloaded by make ingest),Cyprus (government-controlled area),64 CPA/NACE (A*64 with CYSTAT merges),"Symmetric Input - Output Table for Domestic Production (Product by Product), Annual - Current Prices",src/cvr/ingest/cystat_fetch.py -> src/cvr/ingest/cystat.py,4fec78942952b59321e5ce1930eb25f27fb20c4046b201684c2ae76bb86d0171
"CYSTAT SUIOT 0640050E: Symmetric Input - Output Table for Domestic Production (Product by Product), Annual - Previous Year Prices",CYSTAT (Statistical Service of Cyprus),https://cystatdb.cystat.gov.cy/api/v1/en/8.CYSTAT-DB/National%20Accounts/Supply%2C%20Use%20and%20Input-Output%20Tables/0640050E.px,2010-2022,2026-03-26,2026-09-24,CYSTAT terms of use - reuse terms NOT verified for this release; raw files are not redistributed (re-downloaded by make ingest),Cyprus (government-controlled area),64 CPA/NACE (A*64 with CYSTAT merges),"Symmetric Input - Output Table for Domestic Production (Product by Product), Annual - Previous Year Prices",src/cvr/ingest/cystat_fetch.py -> src/cvr/ingest/cystat.py,f0b4acde0cd148b028dd419fafe1941d2f6621c19e06a73fb62988faaf920862
"CYSTAT SUIOT 0640055E: Symmetric Input - Output Table for Imports (Product by Product), Annual - Current Prices",CYSTAT (Statistical Service of Cyprus),https://cystatdb.cystat.gov.cy/api/v1/en/8.CYSTAT-DB/National%20Accounts/Supply%2C%20Use%20and%20Input-Output%20Tables/0640055E.px,2010-2022,2026-03-26,2026-09-24,CYSTAT terms of use - reuse terms NOT verified for this release; raw files are not redistributed (re-downloaded by make ingest),Cyprus (government-controlled area),64 CPA/NACE (A*64 with CYSTAT merges),"Symmetric Input - Output Table for Imports (Product by Product), Annual - Current Prices",src/cvr/ingest/cystat_fetch.py -> src/cvr/ingest/cystat.py,4b321dfcb79fa3fcf2221b8e3d3eaf73609b4e05e68ed4526e2a84b1ebe507ef
"CYSTAT SUIOT 0640055E: Symmetric Input - Output Table for Imports (Product by Product), Annual - Previous Year Prices",CYSTAT (Statistical Service of Cyprus),https://cystatdb.cystat.gov.cy/api/v1/en/8.CYSTAT-DB/National%20Accounts/Supply%2C%20Use%20and%20Input-Output%20Tables/0640055E.px,2010-2022,2026-03-26,2026-09-24,CYSTAT terms of use - reuse terms NOT verified for this release; raw files are not redistributed (re-downloaded by make ingest),Cyprus (government-controlled area),64 CPA/NACE (A*64 with CYSTAT merges),"Symmetric Input - Output Table for Imports (Product by Product), Annual - Previous Year Prices",src/cvr/ingest/cystat_fetch.py -> src/cvr/ingest/cystat.py,bc63774ebff1916f0888c3c09251b1a39743908a32c98b1ef7d95f6471f95aa1
"CYSTAT Key Figures: Annual National Accounts: Annual national accounts 1995-2025 (updated data), key-figures workbook",CYSTAT (Statistical Service of Cyprus),https://library.cystat.gov.cy/NEW/NATIONAL_ACCOUNTS-A95_25-EN-200426.xls,1995-2025,2026-04-20,2026-09-24,CYSTAT terms of use - reuse terms NOT verified for this release; raw files are not redistributed (re-downloaded by make ingest),Cyprus (government-controlled area),A*64 / sectors,"Annual national accounts 1995-2025 (updated data), key-figures workbook",src/cvr/ingest/cystat_fetch.py -> src/cvr/ingest/cystat.py,811a7f83bf1d0a3fba408cb087fbf41ae5d0a0fbc39f56bdb9f450153a892484
PxWeb table metadata 0610010E: PxWeb API GET metadata (variable codes/value labels) for 0610010E,CYSTAT (Statistical Service of Cyprus),https://cystatdb.cystat.gov.cy/api/v1/en/8.CYSTAT-DB/National%20Accounts/Annual%20National%20Accounts/0610010E.px,,,2026-09-24,CYSTAT terms of use - reuse terms NOT verified for this release; raw files are not redistributed (re-downloaded by make ingest),Cyprus (government-controlled area),A*64 / sectors,PxWeb API GET metadata (variable codes/value labels) for 0610010E,src/cvr/ingest/cystat_fetch.py -> src/cvr/ingest/cystat.py,49417f6f86ae01583855ae47a0a5bf7d6aa8f315d301ffc4100552628702b0ec
PxWeb table metadata 0610020E: PxWeb API GET metadata (variable codes/value labels) for 0610020E,CYSTAT (Statistical Service of Cyprus),https://cystatdb.cystat.gov.cy/api/v1/en/8.CYSTAT-DB/National%20Accounts/Annual%20National%20Accounts/0610020E.px,,,2026-09-24,CYSTAT terms of use - reuse terms NOT verified for this release; raw files are not redistributed (re-downloaded by make ingest),Cyprus (government-controlled area),A*64 / sectors,PxWeb API GET metadata (variable codes/value labels) for 0610020E,src/cvr/ingest/cystat_fetch.py -> src/cvr/ingest/cystat.py,e8c2aa66244fd9925a225857510b0cc1eb2464e44b30fba65f5bdd0cf253068d
PxWeb table metadata 0610030E: PxWeb API GET metadata (variable codes/value labels) for 0610030E,CYSTAT (Statistical Service of Cyprus),https://cystatdb.cystat.gov.cy/api/v1/en/8.CYSTAT-DB/National%20Accounts/Annual%20National%20Accounts/0610030E.px,,,2026-09-24,CYSTAT terms of use - reuse terms NOT verified for this release; raw files are not redistributed (re-downloaded by make ingest),Cyprus (government-controlled area),A*64 / sectors,PxWeb API GET metadata (variable codes/value labels) for 0610030E,src/cvr/ingest/cystat_fetch.py -> src/cvr/ingest/cystat.py,0920d528c367bb597770add2a5fdad41a5f3624c95ea48de70144922ac975ddf
PxWeb table metadata 0610040E: PxWeb API GET metadata (variable codes/value labels) for 0610040E,CYSTAT (Statistical Service of Cyprus),https://cystatdb.cystat.gov.cy/api/v1/en/8.CYSTAT-DB/National%20Accounts/Annual%20National%20Accounts/0610040E.px,,,2026-09-24,CYSTAT terms of use - reuse terms NOT verified for this release; raw files are not redistributed (re-downloaded by make ingest),Cyprus (government-controlled area),A*64 / sectors,PxWeb API GET metadata (variable codes/value labels) for 0610040E,src/cvr/ingest/cystat_fetch.py -> src/cvr/ingest/cystat.py,26b11f8e5901ef840510b0b33790238795784e517d906d29b7ea6fb6532260f8
PxWeb table metadata 0610060E: PxWeb API GET metadata (variable codes/value labels) for 0610060E,CYSTAT (Statistical Service of Cyprus),https://cystatdb.cystat.gov.cy/api/v1/en/8.CYSTAT-DB/National%20Accounts/Annual%20National%20Accounts/0610060E.px,,,2026-09-24,CYSTAT terms of use - reuse terms NOT verified for this release; raw files are not redistributed (re-downloaded by make ingest),Cyprus (government-controlled area),A*64 / sectors,PxWeb API GET metadata (variable codes/value labels) for 0610060E,src/cvr/ingest/cystat_fetch.py -> src/cvr/ingest/cystat.py,1691c557a1cd3dd3a2c37d77d62fa15c90e865bee1e6ed8ceacd0197cd7acaaf
PxWeb table metadata 0630030E: PxWeb API GET metadata (variable codes/value labels) for 0630030E,CYSTAT (Statistical Service of Cyprus),https://cystatdb.cystat.gov.cy/api/v1/en/8.CYSTAT-DB/National%20Accounts/Sector%20Accounts/0630030E.px,,,2026-09-24,CYSTAT terms of use - reuse terms NOT verified for this release; raw files are not redistributed (re-downloaded by make ingest),Cyprus (government-controlled area),A*64 / sectors,PxWeb API GET metadata (variable codes/value labels) for 0630030E,src/cvr/ingest/cystat_fetch.py -> src/cvr/ingest/cystat.py,a606e24a964f7471abd90972eea402807de3bc160b72fb63e45c81246d337eca
PxWeb table metadata 0640010E: PxWeb API GET metadata (variable codes/value labels) for 0640010E,CYSTAT (Statistical Service of Cyprus),https://cystatdb.cystat.gov.cy/api/v1/en/8.CYSTAT-DB/National%20Accounts/Supply%2C%20Use%20and%20Input-Output%20Tables/0640010E.px,,,2026-09-24,CYSTAT terms of use - reuse terms NOT verified for this release; raw files are not redistributed (re-downloaded by make ingest),Cyprus (government-controlled area),64 CPA/NACE (A*64 with CYSTAT merges),PxWeb API GET metadata (variable codes/value labels) for 0640010E,src/cvr/ingest/cystat_fetch.py -> src/cvr/ingest/cystat.py,c2793f6b3b4ce3466a27828c0b5017b34d2a0f98b02853111a679ee53a17fe96
PxWeb table metadata 0640015E: PxWeb API GET metadata (variable codes/value labels) for 0640015E,CYSTAT (Statistical Service of Cyprus),https://cystatdb.cystat.gov.cy/api/v1/en/8.CYSTAT-DB/National%20Accounts/Supply%2C%20Use%20and%20Input-Output%20Tables/0640015E.px,,,2026-09-24,CYSTAT terms of use - reuse terms NOT verified for this release; raw files are not redistributed (re-downloaded by make ingest),Cyprus (government-controlled area),64 CPA/NACE (A*64 with CYSTAT merges),PxWeb API GET metadata (variable codes/value labels) for 0640015E,src/cvr/ingest/cystat_fetch.py -> src/cvr/ingest/cystat.py,739bd69e11f6e719f90163360e911f08034d9503e439829d78f4bc2ff699c63e
PxWeb table metadata 0640020E: PxWeb API GET metadata (variable codes/value labels) for 0640020E,CYSTAT (Statistical Service of Cyprus),https://cystatdb.cystat.gov.cy/api/v1/en/8.CYSTAT-DB/National%20Accounts/Supply%2C%20Use%20and%20Input-Output%20Tables/0640020E.px,,,2026-09-24,CYSTAT terms of use - reuse terms NOT verified for this release; raw files are not redistributed (re-downloaded by make ingest),Cyprus (government-controlled area),64 CPA/NACE (A*64 with CYSTAT merges),PxWeb API GET metadata (variable codes/value labels) for 0640020E,src/cvr/ingest/cystat_fetch.py -> src/cvr/ingest/cystat.py,ba5ebee2c0132df7c56fe79c98ebdf1ecf9f491205936f71e7899da15b7306a1
PxWeb table metadata 0640025E: PxWeb API GET metadata (variable codes/value labels) for 0640025E,CYSTAT (Statistical Service of Cyprus),https://cystatdb.cystat.gov.cy/api/v1/en/8.CYSTAT-DB/National%20Accounts/Supply%2C%20Use%20and%20Input-Output%20Tables/0640025E.px,,,2026-09-24,CYSTAT terms of use - reuse terms NOT verified for this release; raw files are not redistributed (re-downloaded by make ingest),Cyprus (government-controlled area),64 CPA/NACE (A*64 with CYSTAT merges),PxWeb API GET metadata (variable codes/value labels) for 0640025E,src/cvr/ingest/cystat_fetch.py -> src/cvr/ingest/cystat.py,c23de1dbc3857b7a7c7aea75fadd03899526a95622fbee2a683d8e2a43a8f53e
PxWeb table metadata 0640030E: PxWeb API GET metadata (variable codes/value labels) for 0640030E,CYSTAT (Statistical Service of Cyprus),https://cystatdb.cystat.gov.cy/api/v1/en/8.CYSTAT-DB/National%20Accounts/Supply%2C%20Use%20and%20Input-Output%20Tables/0640030E.px,,,2026-09-24,CYSTAT terms of use - reuse terms NOT verified for this release; raw files are not redistributed (re-downloaded by make ingest),Cyprus (government-controlled area),64 CPA/NACE (A*64 with CYSTAT merges),PxWeb API GET metadata (variable codes/value labels) for 0640030E,src/cvr/ingest/cystat_fetch.py -> src/cvr/ingest/cystat.py,749885be03fd64c59d80b53ca193912f9d8d54749a8e3169d77ffdac21b2edaf
PxWeb table metadata 0640035E: PxWeb API GET metadata (variable codes/value labels) for 0640035E,CYSTAT (Statistical Service of Cyprus),https://cystatdb.cystat.gov.cy/api/v1/en/8.CYSTAT-DB/National%20Accounts/Supply%2C%20Use%20and%20Input-Output%20Tables/0640035E.px,,,2026-09-24,CYSTAT terms of use - reuse terms NOT verified for this release; raw files are not redistributed (re-downloaded by make ingest),Cyprus (government-controlled area),64 CPA/NACE (A*64 with CYSTAT merges),PxWeb API GET metadata (variable codes/value labels) for 0640035E,src/cvr/ingest/cystat_fetch.py -> src/cvr/ingest/cystat.py,9441ec55091ca580d286d994dbe21af2837cdd00438fad96349ad3d424811fad
PxWeb table metadata 0640040E: PxWeb API GET metadata (variable codes/value labels) for 0640040E,CYSTAT (Statistical Service of Cyprus),https://cystatdb.cystat.gov.cy/api/v1/en/8.CYSTAT-DB/National%20Accounts/Supply%2C%20Use%20and%20Input-Output%20Tables/0640040E.px,,,2026-09-24,CYSTAT terms of use - reuse terms NOT verified for this release; raw files are not redistributed (re-downloaded by make ingest),Cyprus (government-controlled area),64 CPA/NACE (A*64 with CYSTAT merges),PxWeb API GET metadata (variable codes/value labels) for 0640040E,src/cvr/ingest/cystat_fetch.py -> src/cvr/ingest/cystat.py,d101289c08a8832d0df7f889f44ff880ea5d7e209225751f3d0d5890858206a0
PxWeb table metadata 0640045E: PxWeb API GET metadata (variable codes/value labels) for 0640045E,CYSTAT (Statistical Service of Cyprus),https://cystatdb.cystat.gov.cy/api/v1/en/8.CYSTAT-DB/National%20Accounts/Supply%2C%20Use%20and%20Input-Output%20Tables/0640045E.px,,,2026-09-24,CYSTAT terms of use - reuse terms NOT verified for this release; raw files are not redistributed (re-downloaded by make ingest),Cyprus (government-controlled area),64 CPA/NACE (A*64 with CYSTAT merges),PxWeb API GET metadata (variable codes/value labels) for 0640045E,src/cvr/ingest/cystat_fetch.py -> src/cvr/ingest/cystat.py,5789ff34ae3e6391094128f16c2a14565b93b10edfd68610b2454c8af0447ec7
PxWeb table metadata 0640050E: PxWeb API GET metadata (variable codes/value labels) for 0640050E,CYSTAT (Statistical Service of Cyprus),https://cystatdb.cystat.gov.cy/api/v1/en/8.CYSTAT-DB/National%20Accounts/Supply%2C%20Use%20and%20Input-Output%20Tables/0640050E.px,,,2026-09-24,CYSTAT terms of use - reuse terms NOT verified for this release; raw files are not redistributed (re-downloaded by make ingest),Cyprus (government-controlled area),64 CPA/NACE (A*64 with CYSTAT merges),PxWeb API GET metadata (variable codes/value labels) for 0640050E,src/cvr/ingest/cystat_fetch.py -> src/cvr/ingest/cystat.py,7f81c2bf4bd88ce8eca58c5ef3de33543e7f5bcd9b0afe6ee94d4d6d25834841
PxWeb table metadata 0640055E: PxWeb API GET metadata (variable codes/value labels) for 0640055E,CYSTAT (Statistical Service of Cyprus),https://cystatdb.cystat.gov.cy/api/v1/en/8.CYSTAT-DB/National%20Accounts/Supply%2C%20Use%20and%20Input-Output%20Tables/0640055E.px,,,2026-09-24,CYSTAT terms of use - reuse terms NOT verified for this release; raw files are not redistributed (re-downloaded by make ingest),Cyprus (government-controlled area),64 CPA/NACE (A*64 with CYSTAT merges),PxWeb API GET metadata (variable codes/value labels) for 0640055E,src/cvr/ingest/cystat_fetch.py -> src/cvr/ingest/cystat.py,ddd4a55a717bd6161dfd1e28327d5c47e80cf48e2c2f5aa037e76ef829275549
"nama_10_gdp: Gross domestic product (GDP) and main components (output, expenditure and income) - annual data",Eurostat,https://ec.europa.eu/eurostat/api/dissemination/sdmx/2.1/data/nama_10_gdp/.CP_MEUR+CLV20_MEUR..CY/?format=SDMX-CSV&compressed=false&startPeriod=2010,see filters,2026-09-21,2026-09-24,"Eurostat reuse policy (CC BY 4.0), Commission Decision 2011/833/EU",Cyprus (reporter); partners as listed,NACE aggregates / none,"{'geo': ['CY'], 'unit': ['CP_MEUR', 'CLV20_MEUR'], 'startPeriod': 2010, 'endPeriod': None}",src/cvr/ingest/eurostat.py,bd49aee9f0e81f340f9c796f536c492484c036fc96e266d134c177873a670522
"nama_10_gdp: Gross domestic product (GDP) and main components (output, expenditure and income) - annual data",Eurostat,https://ec.europa.eu/eurostat/api/dissemination/sdmx/2.1/data/nama_10_gdp/.CP_MEUR+CLV20_MEUR..EU27_2020/?format=SDMX-CSV&compressed=false&startPeriod=2010,see filters,2026-09-21,2026-09-24,"Eurostat reuse policy (CC BY 4.0), Commission Decision 2011/833/EU",Cyprus (reporter); partners as listed,NACE aggregates / none,"{'geo': ['EU27_2020'], 'unit': ['CP_MEUR', 'CLV20_MEUR'], 'startPeriod': 2010, 'endPeriod': None}",src/cvr/ingest/eurostat.py,4fd27f42ae07b9b14bacfe41c6fa11c340658d936c0c6b64193e19101ce76cb5
nama_10_pp: Gross national income (GNI) per capita,Eurostat,https://ec.europa.eu/eurostat/api/dissemination/sdmx/2.1/data/nama_10_pp/..CY/?format=SDMX-CSV&compressed=false,see filters,2026-01-05,2026-09-24,"Eurostat reuse policy (CC BY 4.0), Commission Decision 2011/833/EU",Cyprus (reporter); partners as listed,NACE aggregates / none,"{'geo': ['CY'], 'startPeriod': None, 'endPeriod': None}",src/cvr/ingest/eurostat.py,4595fd6ca566f13ae47165c927e3fddce41313d2642127cdcf2a84158ea0f04d
nasa_10_nf_tr: Non-financial transactions - annual data,Eurostat,https://ec.europa.eu/eurostat/api/dissemination/sdmx/2.1/data/nasa_10_nf_tr/.CP_MEUR...S1+S11+S12+S13+S14_S15+S2.CY/?format=SDMX-CSV&compressed=false&startPeriod=2010,see filters,2026-07-27,2026-09-24,"Eurostat reuse policy (CC BY 4.0), Commission Decision 2011/833/EU",Cyprus (reporter); partners as listed,NACE aggregates / none,"{'geo': ['CY'], 'sector': ['S1', 'S11', 'S12', 'S13', 'S14_S15', 'S2'], 'unit': ['CP_MEUR'], 'startPeriod': 2010, 'endPeriod': None}",src/cvr/ingest/eurostat.py,cf3e3d05455206d3aced111275515fe22f17334e24e5690636985d44fde28ef5
nasa_10_nf_tr: Non-financial transactions - annual data,Eurostat,https://ec.europa.eu/eurostat/api/dissemination/sdmx/2.1/data/nasa_10_nf_tr/.CP_MEUR...S1+S11+S12+S13+S14_S15+S2.EU27_2020/?format=SDMX-CSV&compressed=false&startPeriod=2010,see filters,2026-07-27,2026-09-24,"Eurostat reuse policy (CC BY 4.0), Commission Decision 2011/833/EU",Cyprus (reporter); partners as listed,NACE aggregates / none,"{'geo': ['EU27_2020'], 'sector': ['S1', 'S11', 'S12', 'S13', 'S14_S15', 'S2'], 'unit': ['CP_MEUR'], 'startPeriod': 2010, 'endPeriod': None}",src/cvr/ingest/eurostat.py,86546cde1a0f02f1941865625f93ffb56c06eba8ca3b43a81c99610ac88d2f2e
nama_10_a64: Gross value added and income by detailed industry (NACE Rev.2 ),Eurostat,https://ec.europa.eu/eurostat/api/dissemination/sdmx/2.1/data/nama_10_a64/.CP_MEUR+CLV20_MEUR...CY/?format=SDMX-CSV&compressed=false&startPeriod=2010,see filters,2026-09-23,2026-09-24,"Eurostat reuse policy (CC BY 4.0), Commission Decision 2011/833/EU",Cyprus (reporter); partners as listed,A64,"{'geo': ['CY'], 'unit': ['CP_MEUR', 'CLV20_MEUR'], 'startPeriod': 2010, 'endPeriod': None}",src/cvr/ingest/eurostat.py,bd62265ea4088780c9ae256147243834cb30f87dc633059828ec4ff9184e26a2
nama_10_a64_e: Employment by detailed industry (NACE Rev.2) - national accounts,Eurostat,https://ec.europa.eu/eurostat/api/dissemination/sdmx/2.1/data/nama_10_a64_e/.THS_PER+THS_HW..EMP_DC+SAL_DC+SELF_DC.CY/?format=SDMX-CSV&compressed=false&startPeriod=2010,see filters,2026-09-23,2026-09-24,"Eurostat reuse policy (CC BY 4.0), Commission Decision 2011/833/EU",Cyprus (reporter); partners as listed,A64,"{'geo': ['CY'], 'na_item': ['EMP_DC', 'SAL_DC', 'SELF_DC'], 'unit': ['THS_PER', 'THS_HW'], 'startPeriod': 2010, 'endPeriod': None}",src/cvr/ingest/eurostat.py,82ef2571f9d8011f4ed412d5682731d179ffa0792c5904ea4409e4660bb68b94
naio_10_cp15: Supply table at basic prices incl. transformation into purchasers' prices,Eurostat,https://ec.europa.eu/eurostat/api/dissemination/sdmx/2.1/data/naio_10_cp15/.MIO_EUR....CY/?format=SDMX-CSV&compressed=false,see filters,2026-09-21,2026-09-24,"Eurostat reuse policy (CC BY 4.0), Commission Decision 2011/833/EU",Cyprus (reporter); partners as listed,NACE aggregates / none,"{'geo': ['CY'], 'unit': ['MIO_EUR'], 'startPeriod': None, 'endPeriod': None}",src/cvr/ingest/eurostat.py,4e4b5bb8cab7d776c10bcbb09bea8feecc476491848360217589b130458ae4fa
naio_10_cp16: Use table at purchasers' prices,Eurostat,https://ec.europa.eu/eurostat/api/dissemination/sdmx/2.1/data/naio_10_cp16/.MIO_EUR....CY/?format=SDMX-CSV&compressed=false,see filters,2026-09-21,2026-09-24,"Eurostat reuse policy (CC BY 4.0), Commission Decision 2011/833/EU",Cyprus (reporter); partners as listed,NACE aggregates / none,"{'geo': ['CY'], 'unit': ['MIO_EUR'], 'startPeriod': None, 'endPeriod': None}",src/cvr/ingest/eurostat.py,d8d0f660d61a4513b12162fcee5a4a6a852ce278290761c428676e3005b66363
naio_10_cp1610: Use table at basic prices,Eurostat,https://ec.europa.eu/eurostat/api/dissemination/sdmx/2.1/data/naio_10_cp1610/.MIO_EUR....CY/?format=SDMX-CSV&compressed=false,see filters,2026-09-17,2026-09-24,"Eurostat reuse policy (CC BY 4.0), Commission Decision 2011/833/EU",Cyprus (reporter); partners as listed,NACE aggregates / none,"{'geo': ['CY'], 'unit': ['MIO_EUR'], 'startPeriod': None, 'endPeriod': None}",src/cvr/ingest/eurostat.py,0ad3ce973bd6b46371d87466e36a55168e47c0c132870c0866078b6c9fcb8d90
naio_10_cp1620: Table of trade and transport margins,Eurostat,https://ec.europa.eu/eurostat/api/dissemination/sdmx/2.1/data/naio_10_cp1620/.MIO_EUR....CY/?format=SDMX-CSV&compressed=false,see filters,2026-09-17,2026-09-24,"Eurostat reuse policy (CC BY 4.0), Commission Decision 2011/833/EU",Cyprus (reporter); partners as listed,NACE aggregates / none,"{'geo': ['CY'], 'unit': ['MIO_EUR'], 'startPeriod': None, 'endPeriod': None}",src/cvr/ingest/eurostat.py,3e1f9a1e5862c3fb389c3f61e9f7e60a23ddcf7eac4fe55a2f8c3b06e43f2333
naio_10_cp1630: Table of taxes less subsidies on product,Eurostat,https://ec.europa.eu/eurostat/api/dissemination/sdmx/2.1/data/naio_10_cp1630/.MIO_EUR....CY/?format=SDMX-CSV&compressed=false,see filters,2026-09-17,2026-09-24,"Eurostat reuse policy (CC BY 4.0), Commission Decision 2011/833/EU",Cyprus (reporter); partners as listed,NACE aggregates / none,"{'geo': ['CY'], 'unit': ['MIO_EUR'], 'startPeriod': None, 'endPeriod': None}",src/cvr/ingest/eurostat.py,ad8734439141b9ed9f3971104934ab24f2f45452a4719db7991c21e3844c4b25
naio_10_cp1700: Symmetric input-output table at basic prices (product by product),Eurostat,https://ec.europa.eu/eurostat/api/dissemination/sdmx/2.1/data/naio_10_cp1700/.MIO_EUR....CY/?format=SDMX-CSV&compressed=false,see filters,2026-08-25,2026-09-24,"Eurostat reuse policy (CC BY 4.0), Commission Decision 2011/833/EU",Cyprus (reporter); partners as listed,NACE aggregates / none,"{'geo': ['CY'], 'unit': ['MIO_EUR'], 'startPeriod': None, 'endPeriod': None}",src/cvr/ingest/eurostat.py,615808e40056359ec326c70599ab5d8a91266ae97909e3415740bbf3d7707001
bop_c6_a: Balance of payments by country - annual data (BPM6),Eurostat,https://ec.europa.eu/eurostat/api/dissemination/sdmx/2.1/data/bop_c6_a/.MIO_EUR.CA+IN1+IN2+D1+D4P__F+D4P__D__F+D4S__D__F5+D42S__D__F5+D43S__D__F5+D4Q__D__FL+D41__D__FLA+D4P__P__F+D4S__P__F5+D42__P__F51+D443__P__F52+D41__P__F3+D4P__O__F+D41__O__FLA+D44P__O__F6+D4P__R__F+D4O+D2+D3+D45.S1.S1.CRE+DEB+BAL..CY/?format=SDMX-CSV&compressed=false&startPeriod=2010,see filters,2026-07-08,2026-09-24,"Eurostat reuse policy (CC BY 4.0), Commission Decision 2011/833/EU",Cyprus (reporter); partners as listed,NACE aggregates / none,"{'bop_item': ['CA', 'IN1', 'IN2', 'D1', 'D4P__F', 'D4P__D__F', 'D4S__D__F5', 'D42S__D__F5', 'D43S__D__F5', 'D4Q__D__FL', 'D41__D__FLA', 'D4P__P__F', 'D4S__P__F5', 'D42__P__F51', 'D443__P__F52', 'D41__P__F3', 'D4P__O__F', 'D41__O__FLA', 'D44P__O__F6', 'D4P__R__F', 'D4O', 'D2', 'D3', 'D45'], 'currency': ['MIO_EUR'], 'geo': ['CY'], 'sector10': ['S1'], 'sectpart': ['S1'], 'stk_flow': ['CRE', 'DEB', 'BAL'], 'startPeriod': 2010, 'endPeriod': None}",src/cvr/ingest/eurostat.py,e15908f2053046a507f7e52cc5307c0e686152667fc49cde8e3a2307c27ddbb9
bop_c6_a: Balance of payments by country - annual data (BPM6),Eurostat,https://ec.europa.eu/eurostat/api/dissemination/sdmx/2.1/data/bop_c6_a/.MIO_EUR.CA+IN1+IN2+D1+D4P__F+D4P__D__F+D4S__D__F5+D42S__D__F5+D43S__D__F5+D4Q__D__FL+D41__D__FLA+D4P__P__F+D4S__P__F5+D42__P__F51+D443__P__F52+D41__P__F3+D4P__O__F+D41__O__FLA+D44P__O__F6+D4P__R__F+D4O+D2+D3+D45...CRE+DEB+BAL.WRL_REST+EU27_2020+EXT_EU27_2020.CY/?format=SDMX-CSV&compressed=false&startPeriod=2010,see filters,2026-07-08,2026-09-24,"Eurostat reuse policy (CC BY 4.0), Commission Decision 2011/833/EU",Cyprus (reporter); partners as listed,NACE aggregates / none,"{'bop_item': ['CA', 'IN1', 'IN2', 'D1', 'D4P__F', 'D4P__D__F', 'D4S__D__F5', 'D42S__D__F5', 'D43S__D__F5', 'D4Q__D__FL', 'D41__D__FLA', 'D4P__P__F', 'D4S__P__F5', 'D42__P__F51', 'D443__P__F52', 'D41__P__F3', 'D4P__O__F', 'D41__O__FLA', 'D44P__O__F6', 'D4P__R__F', 'D4O', 'D2', 'D3', 'D45'], 'currency': ['MIO_EUR'], 'geo': ['CY'], 'partner': ['WRL_REST', 'EU27_2020', 'EXT_EU27_2020'], 'stk_flow': ['CRE', 'DEB', 'BAL'], 'startPeriod': 2010, 'endPeriod': None}",src/cvr/ingest/eurostat.py,769f2809aca306c837817a9476bd12f0d06bbe2b99e2096b1fbe21e2159a9556
bop_rem6: Personal transfers and compensation of employees,Eurostat,https://ec.europa.eu/eurostat/api/dissemination/sdmx/2.1/data/bop_rem6/.MIO_EUR....CY/?format=SDMX-CSV&compressed=false&startPeriod=2010,see filters,2025-12-15,2026-09-24,"Eurostat reuse policy (CC BY 4.0), Commission Decision 2011/833/EU",Cyprus (reporter); partners as listed,NACE aggregates / none,"{'currency': ['MIO_EUR'], 'geo': ['CY'], 'startPeriod': 2010, 'endPeriod': None}",src/cvr/ingest/eurostat.py,ca8b7cd110fa66fe3fdf5d43b7d1c3effd0f6b07ede9154b8491b23faac3deb0
"naio_10_fcp_ii4: EU inter-country input-output table at basic prices, industry by industry (2022 and onwards)",Eurostat,https://ec.europa.eu/eurostat/api/dissemination/sdmx/2.1/data/naio_10_fcp_ii4/...CY../?format=SDMX-CSV&compressed=false,see filters,2026-07-20,2026-09-24,"Eurostat reuse policy (CC BY 4.0), Commission Decision 2011/833/EU",Cyprus (reporter); partners as listed,FIGARO 64,"{'c_dest': ['CY'], 'startPeriod': None, 'endPeriod': None}",src/cvr/ingest/eurostat.py,e239127b46f118a1fe39782f0c9f6056ddc8c97ab91beaaed1f8a6a6c7323907
"bop_fdi6_inc: EU direct investment income, by country and economic activity (BPM6)",Eurostat,https://ec.europa.eu/eurostat/api/dissemination/sdmx/2.1/data/bop_fdi6_inc/.MIO_EUR.FDI.....CY/?format=SDMX-CSV&compressed=false,see filters,2026-06-09,2026-09-24,"Eurostat reuse policy (CC BY 4.0), Commission Decision 2011/833/EU",Cyprus (reporter); partners as listed,NACE aggregates / none,"{'currency': ['MIO_EUR'], 'geo': ['CY'], 'nace_r2': ['FDI'], 'startPeriod': None, 'endPeriod': None}",src/cvr/ingest/eurostat.py,a8b6fb50a0688a7d8debb57505ed26ffa101246dbde3647de4d05e16a6326385
"bop_fdi6_inc: EU direct investment income, by country and economic activity (BPM6)",Eurostat,https://ec.europa.eu/eurostat/api/dissemination/sdmx/2.1/data/bop_fdi6_inc/.MIO_EUR.....WRL_REST+EU27_2020+EXT_EU27_2020.CY/?format=SDMX-CSV&compressed=false,see filters,2026-06-09,2026-09-24,"Eurostat reuse policy (CC BY 4.0), Commission Decision 2011/833/EU",Cyprus (reporter); partners as listed,NACE aggregates / none,"{'currency': ['MIO_EUR'], 'geo': ['CY'], 'partner': ['WRL_REST', 'EU27_2020', 'EXT_EU27_2020'], 'startPeriod': None, 'endPeriod': None}",src/cvr/ingest/eurostat.py,970dd162a983621b31c402c62107fb543ab16c18d7b9e994fa8052906ecf882e
"bop_fdi6_geo: EU direct investment positions, flows and income, by countries (BPM6)",Eurostat,https://ec.europa.eu/eurostat/api/dissemination/sdmx/2.1/data/bop_fdi6_geo/.....CY/?format=SDMX-CSV&compressed=false,see filters,2026-06-09,2026-09-24,"Eurostat reuse policy (CC BY 4.0), Commission Decision 2011/833/EU",Cyprus (reporter); partners as listed,NACE aggregates / none,"{'geo': ['CY'], 'startPeriod': None, 'endPeriod': None}",src/cvr/ingest/eurostat.py,68ed9194c5b7b5d6e03adf5cfad7dedb2b4593f89f5641591dac2f7f3640c747
"bop_fdi6_pos: EU direct investment positions by country, ultimate and immediate counterpart and economic activity (BPM6)",Eurostat,https://ec.europa.eu/eurostat/api/dissemination/sdmx/2.1/data/bop_fdi6_pos/..MIO_EUR.FDI.....CY/?format=SDMX-CSV&compressed=false,see filters,2026-06-09,2026-09-24,"Eurostat reuse policy (CC BY 4.0), Commission Decision 2011/833/EU",Cyprus (reporter); partners as listed,NACE aggregates / none,"{'currency': ['MIO_EUR'], 'geo': ['CY'], 'nace_r2': ['FDI'], 'startPeriod': None, 'endPeriod': None}",src/cvr/ingest/eurostat.py,31e0e59d7e6bc36463782f01394255a629199f14bee7dad927700554bff27ec6
"bop_fdi6_pos: EU direct investment positions by country, ultimate and immediate counterpart and economic activity (BPM6)",Eurostat,https://ec.europa.eu/eurostat/api/dissemination/sdmx/2.1/data/bop_fdi6_pos/..MIO_EUR.....WRL_REST+EU27_2020+EXT_EU27_2020.CY/?format=SDMX-CSV&compressed=false,see filters,2026-06-09,2026-09-24,"Eurostat reuse policy (CC BY 4.0), Commission Decision 2011/833/EU",Cyprus (reporter); partners as listed,NACE aggregates / none,"{'currency': ['MIO_EUR'], 'geo': ['CY'], 'partner': ['WRL_REST', 'EU27_2020', 'EXT_EU27_2020'], 'startPeriod': None, 'endPeriod': None}",src/cvr/ingest/eurostat.py,a37c229b74819893cf913923195751cd6666ffdd08ebf2a774f0be781a772ac6
fats_activ: Foreign controlled EU enterprises by NACE Rev. 2 activity and country of control (from 2021 onwards),Eurostat,https://ec.europa.eu/eurostat/api/dissemination/sdmx/2.1/data/fats_activ/....CY/?format=SDMX-CSV&compressed=false,see filters,2026-04-07,2026-09-24,"Eurostat reuse policy (CC BY 4.0), Commission Decision 2011/833/EU",Cyprus (reporter); partners as listed,NACE aggregates / none,"{'geo': ['CY'], 'startPeriod': None, 'endPeriod': None}",src/cvr/ingest/eurostat.py,bf63cfca2110fe0851981199f5a3f405b220aba70f0862cb26af1c42aaea5bf1
fats_ctrl: Foreign controlled EU enterprises by detailed breakdown of countries of control (from 2021 onwards),Eurostat,https://ec.europa.eu/eurostat/api/dissemination/sdmx/2.1/data/fats_ctrl/....CY/?format=SDMX-CSV&compressed=false,see filters,2026-04-07,2026-09-24,"Eurostat reuse policy (CC BY 4.0), Commission Decision 2011/833/EU",Cyprus (reporter); partners as listed,NACE aggregates / none,"{'geo': ['CY'], 'startPeriod': None, 'endPeriod': None}",src/cvr/ingest/eurostat.py,2810ec6a6269b43eeb071bd1ffbc83284687740506738ada94cb5d1f37efbfc0
"naio_10_fcp_ii4: EU inter-country input-output table at basic prices, industry by industry (2022 and onwards)",Eurostat,https://ec.europa.eu/eurostat/api/dissemination/sdmx/2.1/data/naio_10_fcp_ii4/.....CY/?format=SDMX-CSV&compressed=false,see filters,2026-07-20,2026-09-24,"Eurostat reuse policy (CC BY 4.0), Commission Decision 2011/833/EU",Cyprus (reporter); partners as listed,FIGARO 64,"{'c_orig': ['CY'], 'startPeriod': None, 'endPeriod': None}",src/cvr/ingest/eurostat.py,7304de14bd3b798f84315c90cbfb54f17728b535c6fb687bac946d82dad985cb
fats_g1a_08: Foreign control of enterprises by economic activity and a selection of controlling countries (2008-2020),Eurostat,https://ec.europa.eu/eurostat/api/dissemination/sdmx/2.1/data/fats_g1a_08/....CY/?format=SDMX-CSV&compressed=false,see filters,2023-11-03,2026-09-24,"Eurostat reuse policy (CC BY 4.0), Commission Decision 2011/833/EU",Cyprus (reporter); partners as listed,NACE aggregates / none,"{'geo': ['CY'], 'startPeriod': None, 'endPeriod': None}",src/cvr/ingest/eurostat.py,0a83063ca2c32e6bc73ec3bdbcfa10923bb062a14d1a8f97a9be222047fe48b3
fats_g1b_08: Foreign control of enterprises by controlling countries (2008-2020),Eurostat,https://ec.europa.eu/eurostat/api/dissemination/sdmx/2.1/data/fats_g1b_08/....CY/?format=SDMX-CSV&compressed=false,see filters,2023-11-03,2026-09-24,"Eurostat reuse policy (CC BY 4.0), Commission Decision 2011/833/EU",Cyprus (reporter); partners as listed,NACE aggregates / none,"{'geo': ['CY'], 'startPeriod': None, 'endPeriod': None}",src/cvr/ingest/eurostat.py,b1c9a095c18e37c8ac79fc776e71367d52eac0a532471f81a1cd921fc21a75d2
lfst_r_lfe2ecomm: Employed persons commuting to work by country of work and NUTS 2 region,Eurostat,https://ec.europa.eu/eurostat/api/dissemination/sdmx/2.1/data/lfst_r_lfe2ecomm/.....CY/?format=SDMX-CSV&compressed=false,see filters,2026-09-10,2026-09-24,"Eurostat reuse policy (CC BY 4.0), Commission Decision 2011/833/EU",Cyprus (reporter); partners as listed,NACE aggregates / none,"{'geo': ['CY'], 'startPeriod': None, 'endPeriod': None}",src/cvr/ingest/eurostat.py,228efa09e87355cdacec96ce683ac291ef8bbbd277e669689754587e2b5d0cf1
naio_10_fgfd: Foreign value added in domestic final use by industry of origin (FIGARO application),Eurostat,https://ec.europa.eu/eurostat/api/dissemination/sdmx/2.1/data/naio_10_fgfd/....CY/?format=SDMX-CSV&compressed=false,see filters,2026-07-20,2026-09-24,"Eurostat reuse policy (CC BY 4.0), Commission Decision 2011/833/EU",Cyprus (reporter); partners as listed,FIGARO 64,"{'geo': ['CY'], 'startPeriod': None, 'endPeriod': None}",src/cvr/ingest/eurostat.py,b179e8de4b6b883870b95743929bcc15d89966c8d352b1499b47cf612e461537
naio_10_fgdf: Domestic value added in foreign final use by industry of origin (FIGARO application),Eurostat,https://ec.europa.eu/eurostat/api/dissemination/sdmx/2.1/data/naio_10_fgdf/....CY/?format=SDMX-CSV&compressed=false,see filters,2026-07-20,2026-09-24,"Eurostat reuse policy (CC BY 4.0), Commission Decision 2011/833/EU",Cyprus (reporter); partners as listed,FIGARO 64,"{'geo': ['CY'], 'startPeriod': None, 'endPeriod': None}",src/cvr/ingest/eurostat.py,cf62e2983ab5219cfd35223bdde67e7602afa266f324e8cac5c5f171638163ef
naio_10_fgdm: Domestic value added in exports - EU country perspective (FIGARO application),Eurostat,https://ec.europa.eu/eurostat/api/dissemination/sdmx/2.1/data/naio_10_fgdm/....CY/?format=SDMX-CSV&compressed=false,see filters,2026-07-20,2026-09-24,"Eurostat reuse policy (CC BY 4.0), Commission Decision 2011/833/EU",Cyprus (reporter); partners as listed,FIGARO 64,"{'geo': ['CY'], 'startPeriod': None, 'endPeriod': None}",src/cvr/ingest/eurostat.py,2ca1fcfce41672ac6e7439436890463518adbd9282b6897c87744089ca66f4ef
naio_10_fgfoem: Foreign value added in exports by country of origin and exporting country - EU country perspective (FIGARO application),Eurostat,https://ec.europa.eu/eurostat/api/dissemination/sdmx/2.1/data/naio_10_fgfoem/.....CY/?format=SDMX-CSV&compressed=false&startPeriod=2010&endPeriod=2017 | https://ec.europa.eu/eurostat/api/dissemination/sdmx/2.1/data/naio_10_fgfoem/.....CY/?format=SDMX-CSV&compressed=false&startPeriod=2018&endPeriod=2024,see filters,2026-07-20,2026-09-24,"Eurostat reuse policy (CC BY 4.0), Commission Decision 2011/833/EU",Cyprus (reporter); partners as listed,FIGARO 64,"{'geo': ['CY'], 'startPeriod': None, 'endPeriod': None}",src/cvr/ingest/eurostat.py,8f8bc6596395954960f83b126b95735eab7f5b36fd87a11f450e9485d5e8070f
naio_10_fgti: Imports by industry (FIGARO application),Eurostat,https://ec.europa.eu/eurostat/api/dissemination/sdmx/2.1/data/naio_10_fgti/....CY/?format=SDMX-CSV&compressed=false,see filters,2026-07-20,2026-09-24,"Eurostat reuse policy (CC BY 4.0), Commission Decision 2011/833/EU",Cyprus (reporter); partners as listed,FIGARO 64,"{'geo': ['CY'], 'startPeriod': None, 'endPeriod': None}",src/cvr/ingest/eurostat.py,05e776228448c3d2c831a3762501ceb0aad868d1541cc5e80be786101d694c85
naio_10_fgte: Exports by industry (FIGARO application),Eurostat,https://ec.europa.eu/eurostat/api/dissemination/sdmx/2.1/data/naio_10_fgte/....CY/?format=SDMX-CSV&compressed=false,see filters,2026-07-20,2026-09-24,"Eurostat reuse policy (CC BY 4.0), Commission Decision 2011/833/EU",Cyprus (reporter); partners as listed,FIGARO 64,"{'geo': ['CY'], 'startPeriod': None, 'endPeriod': None}",src/cvr/ingest/eurostat.py,a8f97821c37487af6e6bc0f4970890da15086a49723313670a6c773a70a55e88
naio_10_fggvcm: Global value chain participation - EU country perspective (FIGARO application),Eurostat,https://ec.europa.eu/eurostat/api/dissemination/sdmx/2.1/data/naio_10_fggvcm/...CY/?format=SDMX-CSV&compressed=false,see filters,2026-07-20,2026-09-24,"Eurostat reuse policy (CC BY 4.0), Commission Decision 2011/833/EU",Cyprus (reporter); partners as listed,FIGARO 64,"{'geo': ['CY'], 'startPeriod': None, 'endPeriod': None}",src/cvr/ingest/eurostat.py,a50f81d8ebb881c63a835280052a2f9b536922155ea7570547f4e4610632de10
"naio_10_fcp_ii3: EU inter-country input-output table at basic prices, industry by industry (2018-2021)",Eurostat,https://ec.europa.eu/eurostat/api/dissemination/sdmx/2.1/data/naio_10_fcp_ii3/...CY../?format=SDMX-CSV&compressed=false,see filters,2026-07-18,2026-09-24,"Eurostat reuse policy (CC BY 4.0), Commission Decision 2011/833/EU",Cyprus (reporter); partners as listed,FIGARO 64,"{'c_dest': ['CY'], 'startPeriod': None, 'endPeriod': None}",src/cvr/ingest/eurostat.py,99595b77affea111d42a1f71869e1008a2066117f66f620a67be7c2bc56a2359
"naio_10_fcp_ii3: EU inter-country input-output table at basic prices, industry by industry (2018-2021)",Eurostat,https://ec.europa.eu/eurostat/api/dissemination/sdmx/2.1/data/naio_10_fcp_ii3/.....CY/?format=SDMX-CSV&compressed=false,see filters,2026-07-18,2026-09-24,"Eurostat reuse policy (CC BY 4.0), Commission Decision 2011/833/EU",Cyprus (reporter); partners as listed,FIGARO 64,"{'c_orig': ['CY'], 'startPeriod': None, 'endPeriod': None}",src/cvr/ingest/eurostat.py,2a41554cca1f4ceeb4734cca4398d88b9b9465fb4a3e1999c5f7b4e753c9fbeb
"naio_10_fcp_ii2: EU inter-country input-output table at basic prices, industry by industry (2014-2017)",Eurostat,https://ec.europa.eu/eurostat/api/dissemination/sdmx/2.1/data/naio_10_fcp_ii2/...CY../?format=SDMX-CSV&compressed=false,see filters,2026-07-18,2026-09-24,"Eurostat reuse policy (CC BY 4.0), Commission Decision 2011/833/EU",Cyprus (reporter); partners as listed,FIGARO 64,"{'c_dest': ['CY'], 'startPeriod': None, 'endPeriod': None}",src/cvr/ingest/eurostat.py,cb29c8b5830c065bc9b08bda02901dcf1a9f3c7d496a820d0c1f689743bcdb81
"naio_10_fcp_ii2: EU inter-country input-output table at basic prices, industry by industry (2014-2017)",Eurostat,https://ec.europa.eu/eurostat/api/dissemination/sdmx/2.1/data/naio_10_fcp_ii2/.....CY/?format=SDMX-CSV&compressed=false,see filters,2026-07-18,2026-09-24,"Eurostat reuse policy (CC BY 4.0), Commission Decision 2011/833/EU",Cyprus (reporter); partners as listed,FIGARO 64,"{'c_orig': ['CY'], 'startPeriod': None, 'endPeriod': None}",src/cvr/ingest/eurostat.py,b0b6de7c88d91cfe0f379030f923af2247082228647afcba53615b06c24bfc6d
"naio_10_fcp_ii1: EU inter-country input-output table at basic prices, industry by industry (2010-2013)",Eurostat,https://ec.europa.eu/eurostat/api/dissemination/sdmx/2.1/data/naio_10_fcp_ii1/...CY../?format=SDMX-CSV&compressed=false,see filters,2026-07-18,2026-09-24,"Eurostat reuse policy (CC BY 4.0), Commission Decision 2011/833/EU",Cyprus (reporter); partners as listed,FIGARO 64,"{'c_dest': ['CY'], 'startPeriod': None, 'endPeriod': None}",src/cvr/ingest/eurostat.py,c0129c15bff90f02cac97af3b6d799c879894abede121abd97625605e7dd4778
"naio_10_fcp_ii1: EU inter-country input-output table at basic prices, industry by industry (2010-2013)",Eurostat,https://ec.europa.eu/eurostat/api/dissemination/sdmx/2.1/data/naio_10_fcp_ii1/.....CY/?format=SDMX-CSV&compressed=false,see filters,2026-07-18,2026-09-24,"Eurostat reuse policy (CC BY 4.0), Commission Decision 2011/833/EU",Cyprus (reporter); partners as listed,FIGARO 64,"{'c_orig': ['CY'], 'startPeriod': None, 'endPeriod': None}",src/cvr/ingest/eurostat.py,1555ee4b05125e692e40dcfa07e738f590b640bc5ad3c243cef050dc1ebb11b9
bop_eu6_q: European Union and euro area balance of payments - quarterly data (BPM6),Eurostat,https://ec.europa.eu/eurostat/api/dissemination/sdmx/2.1/data/bop_eu6_q/A.MIO_EUR.CA+IN1+IN2+D1+D4P__F+D4P__D__F+D4S__D__F5+D42S__D__F5+D43S__D__F5+D4Q__D__FL+D41__D__FLA+D4P__P__F+D4S__P__F5+D42__P__F51+D443__P__F52+D41__P__F3+D4P__O__F+D41__O__FLA+D44P__O__F6+D4P__R__F+D4O+D2+D3+D45.S1.S1.NSA.CRE+DEB+BAL..EU27_2020/?format=SDMX-CSV&compressed=false&startPeriod=2010,see filters,2026-08-19,2026-09-24,"Eurostat reuse policy (CC BY 4.0), Commission Decision 2011/833/EU",Cyprus (reporter); partners as listed,NACE aggregates / none,"{'bop_item': ['CA', 'IN1', 'IN2', 'D1', 'D4P__F', 'D4P__D__F', 'D4S__D__F5', 'D42S__D__F5', 'D43S__D__F5', 'D4Q__D__FL', 'D41__D__FLA', 'D4P__P__F', 'D4S__P__F5', 'D42__P__F51', 'D443__P__F52', 'D41__P__F3', 'D4P__O__F', 'D41__O__FLA', 'D44P__O__F6', 'D4P__R__F', 'D4O', 'D2', 'D3', 'D45'], 'currency': ['MIO_EUR'], 'freq': ['A'], 'geo': ['EU27_2020'], 's_adj': ['NSA'], 'sector10': ['S1'], 'sectpart': ['S1'], 'stk_flow': ['CRE', 'DEB', 'BAL'], 'startPeriod': 2010, 'endPeriod': None}",src/cvr/ingest/eurostat.py,dd837e465160caf5bdaf997eec4da3dffea068939182aa19d6298d7f4ad46fea
lfsa_egan: Employed persons by citizenship,Eurostat,https://ec.europa.eu/eurostat/api/dissemination/sdmx/2.1/data/lfsa_egan/..T.Y15-64+Y20-64+Y_GE15..CY/?format=SDMX-CSV&compressed=false&startPeriod=2010,see filters,2026-09-10,2026-09-24,"Eurostat reuse policy (CC BY 4.0), Commission Decision 2011/833/EU",Cyprus (reporter); partners as listed,NACE aggregates / none,"{'age': ['Y15-64', 'Y20-64', 'Y_GE15'], 'geo': ['CY'], 'sex': ['T'], 'startPeriod': 2010, 'endPeriod': None}",src/cvr/ingest/eurostat.py,39f0d3ae2849b7690b48dc28c0da54fedcb11ce5687c4ca11bece90b367b178c
"FIGARO_ind-by-ind_matrix: FIGARO EU inter-country IO table, ind-by-ind, 2024 (CIRCABC file matrix_eu-ic-io_ind-by-ind_26ed_2024.csv)",Eurostat,https://circabc.europa.eu/rest/download/8ac7da34-911e-4a91-ab1c-8aec1a574381,see filters,2026-06-29,2026-09-24,"Eurostat reuse policy (CC BY 4.0), Commission Decision 2011/833/EU",Cyprus (reporter); partners as listed,NACE aggregates / none,"{'year': 2024, 'source_csv_sha256': 'eade04c433606ae2142eacc2662e1e6cbf0591105e52f3534503847863702f8f', 'source_bytes': 49467405}",src/cvr/ingest/eurostat.py,9e2ffc912f3fb05c52a84c439e8bb4f9fdf4311ae7cdb8d5928aa09d75d4b813
"Balance of payments, annual, BPM6 (2008-2025)",Central Bank of Cyprus,https://www.centralbank.cy/images/media/xls/STTBG__BOP__2008-2025_ANNUAL__EN.xls,2008-2025,2026-04-02 (BoP last update),2026-09-24,Central Bank of Cyprus website terms - NOT verified for this release; raw files are not redistributed (re-downloaded by URL),Cyprus,none,"Balance of payments, annual, BPM6 (2008-2025)",src/cvr/ingest/cbc.py; used for the SPE definition and cross-checks,5a90a7adc47fb9b63a7dcfe3f628271d5c09e55dfb6d9592eb412c84d83991a5
"International investment position, annual",Central Bank of Cyprus,https://www.centralbank.cy/images/media/xls/QIIP_2008-2025_ANNUAL_EN.xlsx,2008-2025,2026-04-02 (BoP last update),2026-09-24,Central Bank of Cyprus website terms - NOT verified for this release; raw files are not redistributed (re-downloaded by URL),Cyprus,none,"International investment position, annual",src/cvr/ingest/cbc.py; used for the SPE definition and cross-checks,32754d139703ad1e51445f98c86e95f07edbf69828157ca292ab5f338ee7e212
FDI transactions by country,Central Bank of Cyprus,https://www.centralbank.cy/images/media/xls/Annual_Transactions_Data_by_Country_EN0011.xlsx,2008-2025,2026-04-02 (BoP last update),2026-09-24,Central Bank of Cyprus website terms - NOT verified for this release; raw files are not redistributed (re-downloaded by URL),Cyprus,none,FDI transactions by country,src/cvr/ingest/cbc.py; used for the SPE definition and cross-checks,0af3c9722860874c9ef344067440a0d21afdc3f3023f359f0c3f7aeb87e3ce97
FDI transactions by economic activity,Central Bank of Cyprus,https://www.centralbank.cy/images/media/xls/Annual_Transactions_Data_by_Economic_Activity_EN0007.xlsx,2008-2025,2026-04-02 (BoP last update),2026-09-24,Central Bank of Cyprus website terms - NOT verified for this release; raw files are not redistributed (re-downloaded by URL),Cyprus,NACE sections,FDI transactions by economic activity,src/cvr/ingest/cbc.py; used for the SPE definition and cross-checks,ae68a1494461265ad8c79b7775338c46da5ae60b2d9c881a2726026c8bee75a7
FDI positions by country,Central Bank of Cyprus,https://www.centralbank.cy/images/media/xls/Annual_Stock_Data_by_Country_EN0010.xlsx,2008-2025,2026-04-02 (BoP last update),2026-09-24,Central Bank of Cyprus website terms - NOT verified for this release; raw files are not redistributed (re-downloaded by URL),Cyprus,none,FDI positions by country,src/cvr/ingest/cbc.py; used for the SPE definition and cross-checks,277ae72c65efacb65eafc1e4d140f2db84d78eb61d4c40163eb12eb7f95fbe53
FDI positions by economic activity,Central Bank of Cyprus,https://www.centralbank.cy/images/media/xls/Annual_Stock_Data_by_Economic_Activity_EN0009.xlsx,2008-2025,2026-04-02 (BoP last update),2026-09-24,Central Bank of Cyprus website terms - NOT verified for this release; raw files are not redistributed (re-downloaded by URL),Cyprus,NACE sections,FDI positions by economic activity,src/cvr/ingest/cbc.py; used for the SPE definition and cross-checks,ecb25a5adcc806bc63162eb5b7582ea5047280ee7f7f76de5b133fd6d1ea0f3f
FDI positions by ultimate investing economy,Central Bank of Cyprus,https://www.centralbank.cy/images/media/xls/Annual_UIE_Stock_Data_by_Country_EN0002.xlsx,2008-2025,2026-04-02 (BoP last update),2026-09-24,Central Bank of Cyprus website terms - NOT verified for this release; raw files are not redistributed (re-downloaded by URL),Cyprus,none,FDI positions by ultimate investing economy,src/cvr/ingest/cbc.py; used for the SPE definition and cross-checks,2a78e09ce0b0391245860a96f1aa644ca7b620b84496fe3d2cc1e8ce3c196630
Definition for the identification of SPEs,Central Bank of Cyprus,https://www.centralbank.cy/images/media/redirectfile/External%20Statistics/External%20Statistics/Definition_of_SPEs_EN.pdf,2008-2025,2026-04-02 (BoP last update),2026-09-24,Central Bank of Cyprus website terms - NOT verified for this release; raw files are not redistributed (re-downloaded by URL),Cyprus,none,Definition for the identification of SPEs,src/cvr/ingest/cbc.py; used for the SPE definition and cross-checks,bbae0aaa424e0f83a1c12808e4c9b41f027d836387e092751e51b5963115206b
"Company ownership layer (entities.csv, ownership_edges.csv)","Compiled from company filings (Tier 1-4, per row)",data/raw/companies/SOURCES.md,2024-2026,various,2026-09-24,Facts compiled from public filings; CC BY 4.0 for the compilation,Cyprus operating firms and their owners,NACE 2-digit,"shares, parents, financials where printed",src/cvr/model/ownership_data.py,302b00b1de8a376b2526aa806164d66c9d34a15d8a1ced7ca36e9c7d6d3ba7e3
